category,domain,reject_violation,no_interaction_violation,non_compliant_3rd,3rd_compliant
Full Consent Compliant,1und1.net,False,False,False,True
Full Consent Compliant,4nsi.com,True,True,True,False
Full Consent Compliant,absolutradio.de,False,False,False,True
Full Consent Compliant,abstract-astro.com,False,False,False,True
Full Consent Compliant,afilio.de,False,False,False,True
Full Consent Compliant,agriskills.net,False,False,False,True
Full Consent Compliant,aixpad.de,False,False,False,True
Full Consent Compliant,alarm-it-factory.de,False,False,False,True
Full Consent Compliant,alphawave.fund,False,False,False,True
Full Consent Compliant,anlegereinblicke.de,False,False,False,True
Full Consent Compliant,appsumo.com,True,False,True,False
Full Consent Compliant,archebyschuhbidu.com,False,False,False,True
Full Consent Compliant,asiatalks.com,False,False,False,True
Full Consent Compliant,athletec.de,False,False,False,True
Full Consent Compliant,atlassian.com,False,False,False,True
Full Consent Compliant,audiopressbox.com,False,False,False,True
Full Consent Compliant,avis.co.za,True,True,True,False
Full Consent Compliant,bayer.com.au,False,False,False,True
Full Consent Compliant,bbirdaviation.com,False,False,False,True
Full Consent Compliant,bentleymotors.com,False,False,False,True
Full Consent Compliant,bestdates.com,False,False,False,True
Full Consent Compliant,betterstack.com,False,False,False,True
Full Consent Compliant,birkenstock.com,False,False,False,True
Full Consent Compliant,bmglabtech.com,False,False,False,True
Full Consent Compliant,bookshop.org,False,False,False,True
Full Consent Compliant,brandregistrygroup.org,False,False,False,True
Full Consent Compliant,budget.co.za,False,False,False,True
Full Consent Compliant,buildrightlawyers.com,False,False,False,True
Full Consent Compliant,carmonsquiltshop.com,False,False,False,True
Full Consent Compliant,citeline.com,False,False,False,True
Full Consent Compliant,congatec.com,True,True,True,False
Full Consent Compliant,conholdate.com,False,False,False,True
Full Consent Compliant,connection.com,True,True,True,False
Full Consent Compliant,conword.io,False,False,False,True
Full Consent Compliant,corporategold.de,False,False,False,True
Full Consent Compliant,costruzionibergamo.com,False,False,False,True
Full Consent Compliant,coursiv.io,False,False,False,True
Full Consent Compliant,crowdstrike.com,True,False,True,False
Full Consent Compliant,daikin.co.za,False,False,False,True
Full Consent Compliant,dashlane.com,False,False,False,True
Full Consent Compliant,data-basics.com,True,True,True,False
Full Consent Compliant,datempire.com,False,False,False,True
Full Consent Compliant,datersvalley.com,False,False,False,True
Full Consent Compliant,dating4lover.com,False,False,False,True
Full Consent Compliant,datingarts.com,False,False,False,True
Full Consent Compliant,datingdazzle.com,False,False,False,True
Full Consent Compliant,datinglagoon.com,True,False,True,False
Full Consent Compliant,datingrise.com,False,False,False,True
Full Consent Compliant,denhartogh.com,False,False,False,True
Full Consent Compliant,designlab.com,True,True,True,False
Full Consent Compliant,easybreathe.com,False,False,False,True
Full Consent Compliant,ebjournal.com,False,False,False,True
Full Consent Compliant,ed.ac.uk,False,False,False,True
Full Consent Compliant,emondo.de,False,False,False,True
Full Consent Compliant,esta.com,False,False,False,True
Full Consent Compliant,etonshirts.com,False,False,False,True
Full Consent Compliant,exploravip.com,False,False,False,True
Full Consent Compliant,eyefactive.com,False,False,False,True
Full Consent Compliant,fanfills.com,False,False,False,True
Full Consent Compliant,fendt.com,False,False,False,True
Full Consent Compliant,fibergrate.ca,False,False,False,True
Full Consent Compliant,fibergrate.com,False,False,False,True
Full Consent Compliant,fiestadates.com,False,False,False,True
Full Consent Compliant,firzt.co.za,False,False,False,True
Full Consent Compliant,fluxtrol.com,True,True,True,False
Full Consent Compliant,fourth.com,False,False,False,True
Full Consent Compliant,geozilla.com,True,True,True,False
Full Consent Compliant,gesundheits-praemien.de,False,False,False,True
Full Consent Compliant,getyourguide.com,True,False,True,False
Full Consent Compliant,girlsfromasia.com,False,False,False,True
Full Consent Compliant,girlswithlove.com,False,False,False,True
Full Consent Compliant,greencomics.io,False,False,False,True
Full Consent Compliant,grimco.com,True,True,True,False
Full Consent Compliant,gtglivingwater.com.au,False,False,False,True
Full Consent Compliant,hamiltonisland.com.au,True,True,True,False
Full Consent Compliant,happy-sim.de,False,False,False,True
Full Consent Compliant,hellopebl.com,False,False,False,True
Full Consent Compliant,hempwood.com,False,False,False,True
Full Consent Compliant,hidglobal.com,False,False,False,True
Full Consent Compliant,horizon3.ai,False,False,False,True
Full Consent Compliant,hsglaser.com,False,False,False,True
Full Consent Compliant,hutchinsonai.com,False,False,False,True
Full Consent Compliant,hyggear.com,False,False,False,True
Full Consent Compliant,ihmvcu.org,False,False,False,True
Full Consent Compliant,iloxx.de,False,False,False,True
Full Consent Compliant,indsci.com,False,False,False,True
Full Consent Compliant,islander.com,False,False,False,True
Full Consent Compliant,jockeze.com,False,False,False,True
Full Consent Compliant,juliettdate.com,False,False,False,True
Full Consent Compliant,kibek.de,False,False,False,True
Full Consent Compliant,knaus.com,False,False,False,True
Full Consent Compliant,koreadates.com,True,False,True,False
Full Consent Compliant,kress.com,False,False,False,True
Full Consent Compliant,kuoe-en.com,False,False,False,True
Full Consent Compliant,l3harris.com,False,False,False,True
Full Consent Compliant,la-date.com,True,False,True,False
Full Consent Compliant,laservii.com,False,False,False,True
Full Consent Compliant,lauradate.com,False,False,False,True
Full Consent Compliant,ledman.com,False,False,False,True
Full Consent Compliant,linerworld.com,False,False,False,True
Full Consent Compliant,lovefort.com,False,False,False,True
Full Consent Compliant,luna-storage.com,False,False,False,True
Full Consent Compliant,macekasyn.de,False,False,False,True
Full Consent Compliant,manageengine.com,False,False,False,True
Full Consent Compliant,marketstar.com,True,True,True,False
Full Consent Compliant,matchtruly.com,False,False,False,True
Full Consent Compliant,meetheage.com,True,True,True,False
Full Consent Compliant,meetromance.com,False,False,False,True
Full Consent Compliant,miaromance.com,False,False,False,True
Full Consent Compliant,milltronics.com,False,False,False,True
Full Consent Compliant,mobacoffee.de,False,False,False,True
Full Consent Compliant,motusmg.co.za,False,False,False,True
Full Consent Compliant,myfamio.com,True,True,True,False
Full Consent Compliant,myvoy.de,False,False,False,True
Full Consent Compliant,naitec.ai,False,False,False,True
Full Consent Compliant,napoleon.com,False,False,False,True
Full Consent Compliant,nbmtours.me,False,False,False,True
Full Consent Compliant,newyorker.com,False,False,False,True
Full Consent Compliant,nord.com,False,False,False,True
Full Consent Compliant,onestream.com,True,True,True,False
Full Consent Compliant,palmpringusa.com,False,False,False,True
Full Consent Compliant,parasoft.com,True,True,True,False
Full Consent Compliant,penguinrandomhouse.com,True,True,True,False
Full Consent Compliant,philoro.de,False,False,False,True
Full Consent Compliant,phoenixcontact.com,False,False,False,True
Full Consent Compliant,placetochat.com,False,False,False,True
Full Consent Compliant,planesense.com,True,True,True,False
Full Consent Compliant,playstation.com,False,False,False,True
Full Consent Compliant,pod.international,False,False,False,True
Full Consent Compliant,poestuff.com,False,False,False,True
Full Consent Compliant,ppi-int.com,False,False,False,True
Full Consent Compliant,prh.com,True,True,True,False
Full Consent Compliant,psychiczoltan.com,False,False,False,True
Full Consent Compliant,ptzoptics.com,False,False,False,True
Full Consent Compliant,pulpstream.com,True,True,True,False
Full Consent Compliant,qualcomm.com,True,True,True,False
Full Consent Compliant,radiant.co,True,True,True,False
Full Consent Compliant,rapidsos.com,False,False,False,True
Full Consent Compliant,rbauction.com,False,False,False,True
Full Consent Compliant,remotemedicaltraining.com,False,False,False,True
Full Consent Compliant,riministreet.com,False,False,False,True
Full Consent Compliant,rohstoff-recycling-kuehn.de,False,False,False,True
Full Consent Compliant,roku.com,True,True,True,False
Full Consent Compliant,royaltyexchange.com,True,True,True,False
Full Consent Compliant,salentobicitour.org,False,False,False,True
Full Consent Compliant,sameagedates.com,False,False,False,True
Full Consent Compliant,sanalabs.com,True,True,True,False
Full Consent Compliant,schoolfix.com,False,False,False,True
Full Consent Compliant,sedaexperts.com,True,True,True,False
Full Consent Compliant,segmueller.de,False,False,False,True
Full Consent Compliant,shopify.com,False,False,False,True
Full Consent Compliant,shoplazza.com,True,True,True,False
Full Consent Compliant,siemens.com,False,False,False,True
Full Consent Compliant,sixt.com,True,True,True,False
Full Consent Compliant,sothebysrealty.co.za,True,True,True,False
Full Consent Compliant,soulfuldate.com,False,False,False,True
Full Consent Compliant,spaceshipsrentals.com.au,False,False,False,True
Full Consent Compliant,sparkydates.com,True,True,True,False
Full Consent Compliant,starlink.com,False,False,False,True
Full Consent Compliant,stemcell.com,False,False,False,True
Full Consent Compliant,stihl.co.za,True,False,True,False
Full Consent Compliant,strategex.com,False,False,False,True
Full Consent Compliant,supermicro.com,True,True,True,False
Full Consent Compliant,talkliv.com,False,False,False,True
Full Consent Compliant,temaetfs.com,True,True,True,False
Full Consent Compliant,themoneytrend.com,False,False,False,True
Full Consent Compliant,thermofisher.com,True,True,True,False
Full Consent Compliant,thinkmate.com,False,False,False,True
Full Consent Compliant,thisromance.com,False,False,False,True
Full Consent Compliant,thomann.co.uk,False,False,False,True
Full Consent Compliant,ticketmaster.com,False,False,False,True
Full Consent Compliant,tradewindscoffeeandtea.com,False,False,False,True
Full Consent Compliant,trimit.com,False,False,False,True
Full Consent Compliant,tuskrobots.eu,False,False,False,True
Full Consent Compliant,uml.edu,False,False,False,True
Full Consent Compliant,vandervalkshipyard.com,False,False,False,True
Full Consent Compliant,versa-networks.com,True,True,True,False
Full Consent Compliant,vertiv.com,True,True,True,False
Full Consent Compliant,wingtalks.com,False,False,False,True
Full Consent Compliant,winstonheightsliving.com,False,False,False,True
Full Consent Compliant,wolfbluestore.com,False,False,False,True
Full Consent Compliant,xneelo.co.za,False,False,False,True
Full Consent Compliant,yuzefi.com,False,False,False,True
Full Consent Compliant,ziflow.com,True,True,True,False
Full Consent Compliant,zoho.com,False,False,False,True
Persistent,16bayview.com,True,True,True,False
Persistent,706sf.com,False,False,False,True
Persistent,99app.com,False,False,False,True
Persistent,abbexa.com,False,False,False,True
Persistent,abridge.com,True,True,True,False
Persistent,acrartex.com,False,False,False,True
Persistent,advancedclinical.com,False,True,True,False
Persistent,affordabletours.com,False,False,False,True
Persistent,agc-electronics.com,False,False,False,True
Persistent,ajmc.com,False,False,False,True
Persistent,algolia.com,False,False,False,True
Persistent,allflex.com.au,False,False,False,True
Persistent,altahq.com,True,True,True,False
Persistent,analyticainvestor.com,False,False,False,True
Persistent,anvilcustoms.mom,False,False,False,True
Persistent,appian.com,False,False,False,True
Persistent,appnebula.co,True,True,True,False
Persistent,aroundhome.de,False,False,False,True
Persistent,astro-360.com,False,False,False,True
Persistent,austrackcampers.com.au,False,True,True,False
Persistent,axinewater.com,True,False,True,False
Persistent,backlog.com,False,False,False,True
Persistent,bahn.de,True,True,True,False
Persistent,barsleaks.com,False,False,False,True
Persistent,becoyote.com,False,False,False,True
Persistent,beenverified.com,False,False,False,True
Persistent,bellroy.com,True,True,True,False
Persistent,betterme.world,True,True,True,False
Persistent,bfxengenharia.com.br,False,False,False,True
Persistent,blackhawk.com,False,False,False,True
Persistent,blinkarcade.com,False,False,False,True
Persistent,bluucarrental.com,False,False,False,True
Persistent,bny.com,True,True,True,False
Persistent,boardmans.co.za,True,True,True,False
Persistent,bradlows.co.za,True,True,True,False
Persistent,brasselerusa.com,True,True,True,False
Persistent,breitling.com,True,True,True,False
Persistent,brookshirehyundai.com,True,True,True,False
Persistent,bundupower.co.za,False,False,False,True
Persistent,businessdesk.co.nz,False,False,False,True
Persistent,c-sgroup.com,False,False,False,True
Persistent,callebaut.com,False,False,False,True
Persistent,campwatches.com,False,False,False,True
Persistent,capellahotels.com,True,True,True,False
Persistent,carrbiosystems.com,True,True,True,False
Persistent,carvajalpackaging.us,False,False,False,True
Persistent,cdgameclub.com,False,False,False,True
Persistent,chainanddrives.com.au,False,False,False,True
Persistent,chainge.events,True,True,True,False
Persistent,changanmotors.co.za,False,False,False,True
Persistent,charlieandchums.com.au,False,False,False,True
Persistent,cobiaboats.com,True,True,True,False
Persistent,companyshop24.de,True,True,True,False
Persistent,connecteam.com,True,True,True,False
Persistent,continentaltire.com,True,True,True,False
Persistent,courtreserve.com,True,True,True,False
Persistent,curacao.com,True,False,True,False
Persistent,curiositystream.com,True,True,True,False
Persistent,dasa.com.br,False,False,False,True
Persistent,debaines.com,True,True,True,False
Persistent,dicegameeos.com,False,False,False,True
Persistent,dicla.com,False,False,False,True
Persistent,discovery.co.za,False,False,False,True
Persistent,divinebridal.com.au,False,False,False,True
Persistent,dn-solutions.com,False,False,False,True
Persistent,dxc.com,False,False,False,True
Persistent,dynamsoft.com,True,True,True,False
Persistent,eaglehill.school,False,False,False,True
Persistent,eaglepassheli.com,False,False,False,True
Persistent,eatreallygoodcookies.com,True,True,True,False
Persistent,economist.com,True,True,True,False
Persistent,eiu.com,False,False,False,True
Persistent,eliandelm.com,True,True,True,False
Persistent,elitetraveler.com,True,True,True,False
Persistent,enjoysgame.com,False,False,False,True
Persistent,enlevolar.com.br,False,False,False,True
Persistent,entgiftungsberater.com,False,False,False,True
Persistent,evdealergroup-byd.com.au,True,True,True,False
Persistent,eviogame.com,False,False,False,True
Persistent,eweek.com,False,False,False,True
Persistent,faceandbody.co.za,False,False,False,True
Persistent,fairmont-waterfront.com,True,True,True,False
Persistent,fairmont.com,False,False,False,True
Persistent,familyfordinc.net,True,True,True,False
Persistent,fetchtv.com.au,True,True,True,False
Persistent,feverup.com,True,True,True,False
Persistent,firstintuition.co.uk,True,True,True,False
Persistent,flexabed.com,False,False,False,True
Persistent,flyers365-za.com,False,False,False,True
Persistent,foodlegal.com.au,False,False,False,True
Persistent,foreclosureindia.com,False,False,False,True
Persistent,foreverspin.com,False,False,False,True
Persistent,frederickscompany.com,False,False,False,True
Persistent,frontlineeducation.com,True,True,True,False
Persistent,frontrowmd.com,True,True,True,False
Persistent,fsastech.com,False,False,False,True
Persistent,fujiarts.com,False,False,False,True
Persistent,fujitv.co.jp,True,True,True,False
Persistent,furnmart.co.za,False,False,False,True
Persistent,galatiyachts.com,True,True,True,False
Persistent,galaxyfpga.com,False,False,False,True
Persistent,gamehoshi.com,False,False,False,True
Persistent,gardencities.co.za,True,False,True,False
Persistent,gdata.de,False,False,False,True
Persistent,gearjunkie.com,False,False,False,True
Persistent,geelybrasil.com.br,True,True,True,False
Persistent,genbasupport.com,True,True,True,False
Persistent,geonix.com,False,False,False,True
Persistent,get-derila-ergo.com,False,False,False,True
Persistent,getfishstix.com,False,False,False,True
Persistent,gigsalad.com,True,True,True,False
Persistent,globerove.com,False,False,False,True
Persistent,goebel-hotels.com,False,False,False,True
Persistent,gotoper.com,True,True,True,False
Persistent,govee.com,False,True,True,False
Persistent,grandcanyonlodges.com,False,False,False,True
Persistent,grandharborinn.com,True,True,True,False
Persistent,greentips1.com,False,False,False,True
Persistent,grindtech.com,True,False,True,False
Persistent,grpanderson.com,False,False,False,True
Persistent,guernseyfinance.com,True,True,True,False
Persistent,hachettebookgroup.com,True,True,True,False
Persistent,hamburg-stadtfuehrung.com,False,False,False,True
Persistent,hammerspace.com,True,True,True,False
Persistent,harnafit.com,True,True,True,False
Persistent,hartiesboatcompany.co.za,False,False,False,True
Persistent,health-time.com,True,True,True,False
Persistent,hennesseyperformance.com,True,True,True,False
Persistent,hero-wars.com,False,False,False,True
Persistent,hexclad.com,True,True,True,False
Persistent,hificorp.co.za,False,False,False,True
Persistent,holidayhaven.com.au,False,False,False,True
Persistent,holmans.com.au,False,False,False,True
Persistent,honda.com.vn,True,True,True,False
Persistent,horizontaldigital.com,True,False,True,False
Persistent,hotelpaseo.com,False,False,False,True
Persistent,humanware.com,False,False,False,True
Persistent,hurtigruten.com,False,False,False,True
Persistent,icrowdnewswire.com,True,True,True,False
Persistent,identifix.com,False,False,False,True
Persistent,idrinkproducts.com,False,False,False,True
Persistent,ihifasia.com,True,True,True,False
Persistent,impperformance.com,True,False,True,False
Persistent,incredible.co.za,False,False,False,True
Persistent,ineight.com,False,False,False,True
Persistent,infograpia.com,False,False,False,True
Persistent,infospedia.com,False,False,False,True
Persistent,inremetforminsettlement.com,False,False,False,True
Persistent,instadoodle.com,False,False,False,True
Persistent,investing.com,False,False,False,True
Persistent,isc2.org,False,False,False,True
Persistent,iwin.com,True,True,True,False
Persistent,jackery.com,True,True,True,False
Persistent,jarvissubaru.com.au,True,True,True,False
Persistent,jetcraft.com,False,False,False,True
Persistent,jetour.co.za,True,True,True,False
Persistent,jinpengmining.com,False,False,False,True
Persistent,josalukkasonline.com,True,True,True,False
Persistent,jtbusa.com,False,False,False,True
Persistent,kentfeeds.com,True,True,True,False
Persistent,kia.com,False,False,False,True
Persistent,kontent.ai,False,False,False,True
Persistent,larubeya.com,True,True,True,False
Persistent,learnfrenchwithclemence.com,True,True,True,False
Persistent,lemonde.fr,False,False,False,True
Persistent,lenovo.com,False,False,False,True
Persistent,letsatlantica.com.br,False,False,False,True
Persistent,littlewoodrows.com,True,True,True,False
Persistent,lnk.to,True,False,True,False
Persistent,loanfactory.com,False,False,False,True
Persistent,localiza.com,True,True,True,False
Persistent,lojapegada.com.br,True,True,True,False
Persistent,lucawatches.com,False,False,False,True
Persistent,luettmann.de,False,False,False,True
Persistent,lumistry.com,True,True,True,False
Persistent,madehotels.com,False,False,False,True
Persistent,madmuscles.com,True,True,True,False
Persistent,makro.co.za,False,False,False,True
Persistent,manhattanportage.com,False,False,False,True
Persistent,marriott.com,True,True,True,False
Persistent,masonmadison.com,False,False,False,True
Persistent,masterelectronics.com,True,True,True,False
Persistent,mattamyhomes.com,True,True,True,False
Persistent,mccarthy.co.za,False,False,False,True
Persistent,metakom-n.ru,True,True,True,False
Persistent,mgmotorstefanini.com.br,False,False,False,True
Persistent,mibrasil.com.br,True,True,True,False
Persistent,michaeltoddbeauty.com,True,True,True,False
Persistent,michelin.co.jp,False,False,False,True
Persistent,misumi-ec.com,False,False,False,True
Persistent,montreve.co.za,False,False,False,True
Persistent,mooyius.com,True,True,True,False
Persistent,mornlaser.com,False,False,False,True
Persistent,mouser.jp,False,False,False,True
Persistent,mrphome.com,True,True,True,False
Persistent,msi.com,True,False,True,False
Persistent,mydeals365.com,True,True,True,False
Persistent,naturtreu.de,True,True,True,False
Persistent,natuzzi.com,False,False,False,True
Persistent,nccusa.com,True,False,True,False
Persistent,networkrecruitmentinternational.com,False,False,False,True
Persistent,nhathuoclongchau.com.vn,True,True,True,False
Persistent,no.diet,True,True,True,False
Persistent,no33parkrow.com,False,False,False,True
Persistent,ntv.co.jp,True,True,True,False
Persistent,nubgame.com,False,False,False,True
Persistent,olight.com,True,True,True,False
Persistent,omnimarkt.de,False,False,False,True
Persistent,onetv.ca,True,True,True,False
Persistent,ortecfinance.com,False,False,False,True
Persistent,osu.edu,True,True,True,False
Persistent,oticon.com.au,False,False,False,True
Persistent,ovationhc.com,False,False,False,True
Persistent,pathfinderboats.com,True,False,True,False
Persistent,pdchealthcare.com,False,False,False,True
Persistent,pegasuspublishers.com,False,False,False,True
Persistent,pge.com,True,True,True,False
Persistent,picturemosaics.com,False,False,False,True
Persistent,pik-nik.eu,False,False,False,True
Persistent,platform9.com,True,True,True,False
Persistent,pluginhive.com,False,False,False,True
Persistent,pocketapk.com,False,False,False,True
Persistent,postpilot.com,True,True,True,False
Persistent,practiceinterviewcoach.com,False,False,False,True
Persistent,precisely.com,False,False,False,True
Persistent,pridestafffinancial.com,True,True,True,False
Persistent,primusbuilders.com,False,False,False,True
Persistent,princecraft.com,False,False,False,True
Persistent,processsensing.com,True,True,True,False
Persistent,pryorglobal.com,True,True,True,False
Persistent,puremodern.com,True,True,True,False
Persistent,qatarairways.com,False,False,False,True
Persistent,questico.de,True,True,True,False
Persistent,rate.com,True,True,True,False
Persistent,reesespecialtyfoods.com,False,False,False,True
Persistent,reuters.com,False,False,False,True
Persistent,rkmotors.com,False,False,False,True
Persistent,roborock.com,True,True,True,False
Persistent,rochester.co.za,True,True,True,False
Persistent,rockco.com,False,False,False,True
Persistent,romplas.com.br,False,False,False,True
Persistent,rpsaustin.com,True,True,True,False
Persistent,russells.co.za,False,False,False,True
Persistent,rxrelief.com,False,False,False,True
Persistent,sanleandrocdjr.com,True,True,True,False
Persistent,save70.com,False,False,False,True
Persistent,sbpayment.jp,False,False,False,True
Persistent,securityexpo.com.au,False,False,False,True
Persistent,sellyourway.org,False,False,False,True
Persistent,sfplayhouse.org,False,False,False,True
Persistent,sharefree.online,False,False,False,True
Persistent,shaverinc.com,False,False,False,True
Persistent,shipmonk.com,True,True,True,False
Persistent,shopmaxxs.com,True,True,True,False
Persistent,showcaseocala.com,False,False,False,True
Persistent,simbavati.com,True,True,True,False
Persistent,simon-kucher.com,False,False,False,True
Persistent,skorskips.co.za,False,False,False,True
Persistent,specialscatalogue.com,True,True,True,False
Persistent,spglobal.com,True,True,True,False
Persistent,spire.com,False,False,False,True
Persistent,subaru.de,True,True,True,False
Persistent,swehomes.com,True,True,True,False
Persistent,teknova.com,False,False,False,True
Persistent,testora.expert,False,True,True,False
Persistent,testsieger-bauzinsen.de,False,False,False,True
Persistent,texaco.com.br,False,False,False,True
Persistent,thalgo.co.za,False,False,False,True
Persistent,theblueground.com,False,False,False,True
Persistent,thecloudoneresidenceswynwood.com,True,True,True,False
Persistent,thecollegeinvestor.com,False,False,False,True
Persistent,theliven.com,True,True,True,False
Persistent,themarketstoday.com,False,False,False,True
Persistent,thermondo.de,True,False,True,False
Persistent,thinklogical.com,True,True,True,False
Persistent,timelgance.com,True,True,True,False
Persistent,tipsandlifehacks.com,True,True,True,False
Persistent,tive.com,True,True,True,False
Persistent,tlhex.com,False,False,False,True
Persistent,toriihq.com,True,True,True,False
Persistent,toteme.com,False,False,False,True
Persistent,travelerschampionship.com,False,False,False,True
Persistent,trendaisecurity.com,True,True,True,False
Persistent,tricksandlifehacks.com,True,True,True,False
Persistent,trumarkhomes.com,True,True,True,False
Persistent,usaflex.com.br,True,True,True,False
Persistent,valeoservice.com,False,False,False,True
Persistent,valuestoreit.com,False,False,False,True
Persistent,veteransfirst.com,False,False,False,True
Persistent,visitcamarillo.com,True,True,True,False
Persistent,volk.com,True,True,True,False
Persistent,volkswagen.co.jp,True,True,True,False
Persistent,waterdrop.de,False,False,False,True
Persistent,weathernews.com,False,False,False,True
Persistent,webgility.com,True,True,True,False
Persistent,webuycars.co.za,True,True,True,False
Persistent,webuywheels.co.za,False,False,False,True
Persistent,wendywutours.com.au,True,True,True,False
Persistent,westinghouse.com,True,True,True,False
Persistent,wfp.org,False,False,False,True
Persistent,win-source.net,False,False,False,True
Persistent,wondershare.co.jp,False,False,False,True
Persistent,woodupp.co.za,True,True,True,False
Persistent,worldrecordtuna.com,False,False,False,True
Persistent,xace.io,False,False,False,True
Persistent,xx-xyathletics.com,True,True,True,False
Persistent,yamaha-motor.ca,True,True,True,False
Persistent,yoco.com,False,False,False,True
Persistent,zimmermanmfg.com,False,False,False,True
Persistent,zoom.us,False,False,False,True
Passive,acres.com,False,False,False,True
Passive,adcs.co.il,False,False,False,True
Passive,airchilly.com,False,False,False,True
Passive,alfalaval.com,False,False,False,True
Passive,aliciagalvan.com,False,False,False,True
Passive,alignx.ai,False,False,False,True
Passive,amazon.com,True,True,True,False
Passive,armg.jp,False,False,False,True
Passive,asset-map.com,True,True,True,False
Passive,asus.com,False,False,False,True
Passive,avalara.com,False,False,False,True
Passive,bendigoregion.com.au,False,False,False,True
Passive,blossomup.co,False,False,False,True
Passive,bobiwin.com,False,False,False,True
Passive,brekketours.com,False,False,False,True
Passive,brighttalk.com,True,True,True,False
Passive,cabin.money,False,False,False,True
Passive,capital.com,False,False,False,True
Passive,carflexi.com,False,False,False,True
Passive,cat.com,True,False,True,False
Passive,centarahotelsresorts.com,True,True,True,False
Passive,ceramicacielo.it,False,False,False,True
Passive,classicperformforum.com,False,False,False,True
Passive,cti.co.jp,True,True,True,False
Passive,cvc.com.br,False,False,False,True
Passive,danaher.com,False,False,False,True
Passive,dje.de,False,False,False,True
Passive,dubboregion.com.au,False,False,False,True
Passive,estruxture.com,True,True,True,False
Passive,eversana.com,True,True,True,False
Passive,fliesen-frei.de,False,False,False,True
Passive,frenchflowart.com,False,False,False,True
Passive,galrinfield.com,False,False,False,True
Passive,generali.de,False,False,False,True
Passive,geotab.com,False,False,False,True
Passive,gomega.gr,False,False,False,True
Passive,gplanet.co.il,False,False,False,True
Passive,hotel-dragoner.de,False,False,False,True
Passive,hsfkramer.com,False,False,False,True
Passive,insperity.com,False,False,False,True
Passive,instagram.com,False,False,False,True
Passive,iotmart.com,False,False,False,True
Passive,ketogo.app,False,False,False,True
Passive,keysatcost.co.za,False,False,False,True
Passive,kikkomanusa.com,False,False,False,True
Passive,knobloch-shop.de,False,False,False,True
Passive,landini.it,False,False,False,True
Passive,letterflowcourse.com,False,False,False,True
Passive,lopi.com.au,False,False,False,True
Passive,macnica-mouser.jp,False,False,False,True
Passive,manatal.com,True,True,True,False
Passive,marqeta.com,True,True,True,False
Passive,mediamaxphotography.com,True,False,True,False
Passive,mercadolivre.com.br,False,False,False,True
Passive,microcenter.com,False,False,False,True
Passive,microsoft.com,False,False,False,True
Passive,musterring.com,False,False,False,True
Passive,my-cpe.com,False,False,False,True
Passive,nationalbusinessfurniture.com,True,True,True,False
Passive,omsystem.com,True,True,True,False
Passive,orocash.it,False,False,False,True
Passive,pacificneuroscienceinstitute.org,False,False,False,True
Passive,palladiumboots.co.za,False,False,False,True
Passive,peppagame.com,False,False,False,True
Passive,pininfarina.it,False,False,False,True
Passive,primevideo.com,False,False,False,True
Passive,rittal.us,True,True,True,False
Passive,rockwellautomation.com,True,True,True,False
Passive,sanfranciscosignal.com,False,False,False,True
Passive,scholastic.com,True,True,True,False
Passive,sftravel.com,False,False,False,True
Passive,sheerid.com,False,False,False,True
Passive,shokochukin.co.jp,True,True,True,False
Passive,simplelivingtexture.com,True,True,True,False
Passive,skyscanner.jp,False,False,False,True
Passive,sleepmasters.co.za,False,False,False,True
Passive,slidespeakart.com,False,False,False,True
Passive,socalip.com,False,False,False,True
Passive,spoolimports.com,False,False,False,True
Passive,squareup.com,False,False,False,True
Passive,stapleheadquarters.com,False,False,False,True
Passive,startupcity.hamburg,True,True,True,False
Passive,steakmanufaktur.com,True,True,True,False
Passive,steampowered.com,False,False,False,True
Passive,swisssense.de,False,False,False,True
Passive,switchbacktravel.com,False,False,False,True
Passive,tdsynnex.com,False,False,False,True
Passive,teamtriton.com,False,False,False,True
Passive,thesignal-apartments.co.za,False,False,False,True
Passive,thewealthyinvestor.net,True,True,True,False
Passive,thomann.de,False,False,False,True
Passive,toshiba.com,False,False,False,True
Passive,treetopcanton.com,False,False,False,True
Passive,trialmed.com,True,True,True,False
Passive,tripadvisor.com,False,False,False,True
Passive,tuv.com,False,False,False,True
Passive,usaviationacademy.com,True,True,True,False
Passive,viviqo.com,False,False,False,True
Passive,volvotrucks.co.za,False,False,False,True
Passive,vrbankmitte.de,False,False,False,True
Passive,waters.com,True,True,True,False
Passive,wpdatatables.com,False,False,False,True
Passive,youtube.com,False,True,True,False
