country,third_domain
AU,akamaihd.net
AU,appsflyer.com
AU,attentivemobile.com
AU,bazaarvoice.com
AU,datadoghq-browser-agent.com
AU,dv.tech
AU,getsmartcontent.com
AU,im-apps.net
AU,invoca.net
AU,liadm.com
AU,metricool.com
AU,onetag-sys.com
AU,requestmetrics.com
AU,rtbhouse.com
AU,secureserver.net
AU,youtube.com
AU,zineone.com
DE,affirm.com
DE,betterstackdata.com
DE,metricool.com
DE,newsbreak.com
DE,noibu.com
DE,onetrust.com
DE,srvmath.com
DE,trendemon.com
BR,abgemea.com
BR,azure.com
BR,im-apps.net
BR,imrworldwide.com
BR,lomadee.com.br
BR,marketo.com
BR,xiaoman.cn
JP,affirm.com
JP,akamaihd.net
JP,bugsnag.com
JP,grafana.net
JP,onetrust.com
JP,salecycle.com
JP,smartnews-ads.com
US,basis.net
US,clicktripz.com
US,dstillery.com
US,getsmartcontent.com
US,grafana.net
US,imrworldwide.com
US,koddi.com
US,lijit.com
US,marker.io
US,media6degrees.com
US,mindtrip.ai
US,quantcount.com
US,quantserve.com
US,youtube.com
US,zprk.io
ZA,grafana.net
ZA,hlx.page
ZA,metricool.com
ZA,smartnews-ads.com
